{
    "data": [
        {
            "id": 1,
            "title": "Vue 3 学习",
            "date": "2023-03-23",
            "img": "vue",
            "finish": false
        },
        {
            "id": 2,
            "title": "Pinia 学习",
            "date": "2023-03-24",
            "img": "pinia",
            "finish": false
        },
        {
            "id": 3,
            "title": "Vite 学习",
            "date": "2023-03-25",
            "img": "vite",
            "finish": false
        },
        {
            "id": 4,
            "title": "TypeScript 学习",
            "date": "2023-03-26",
            "img": "ts",
            "finish": false
        }
    ]
}